<?xml version="1.0" encoding="UTF-8" ?>
<!DOCTYPE mapper
        PUBLIC "-//mybatis.org//DTD Mapper 3.0//EN"
        "http://mybatis.org/dtd/mybatis-3-mapper.dtd">
<mapper namespace="com.cloud.mapper.BingMapper">
    <select id="NewBing">
        INSERT INTO bing (onlyname,name,zhuang_tai,username) VALUES (#{onlyname},#{name}, #{zhuang_tai}, #{username})
    </select>
    <select id="ChingeZhuang">
        UPDATE bing SET zhuang_tai = #{zhuang_tai} where onlyname = #{onlyname}
    </select>
    <select id="GetName" resultType="String">
        select onlyname from bing where onlyname = #{onlyname}
    </select>
    <select id="GetBingByName" resultType="Bing">
        select * from bing where username = #{username}
    </select>
</mapper>