<?xml version="1.0" encoding="UTF-8" ?>
<!DOCTYPE mapper
        PUBLIC "-//mybatis.org//DTD Mapper 3.0//EN"
        "http://mybatis.org/dtd/mybatis-3-mapper.dtd">
<mapper namespace="com.cloud.mapper.MachineMapper">
    <select id="NewMachine">
        INSERT INTO machine (onlyname,username,hostname,ip,memory,cpu,hd,zhuang_tai) VALUES (#{onlyname},#{username}, #{hostname}, #{ip}, #{memory},#{cpu},#{hd},#{zhuangtai})
    </select>
    <select id="NoSameName" resultType="String">
        select username from machine where onlyname = #{onlyname}
    </select>
    <select id="SerachZhuangtai" resultType="String">
        select zhuang_tai from machine where onlyname = #{onlyname}
    </select>
    <select id="SearchMachineByUsername" resultType="Machine">
        select * from machine where username = #{username}
    </select>
    <select id="UpdateZhuantai">
        UPDATE machine SET zhuang_tai = #{zhuangtai} where onlyname = #{onlyname}
    </select>
    <select id="DelMachine">
        DELETE FROM machine WHERE onlyname = #{onlyname}
    </select>
</mapper>