<?xml version="1.0" encoding="UTF-8" ?>
<!DOCTYPE mapper
        PUBLIC "-//mybatis.org//DTD Mapper 3.0//EN"
        "http://mybatis.org/dtd/mybatis-3-mapper.dtd">
<mapper namespace="com.cloud.mapper.UserMapper">
    <select id="SearchUserPassword" resultType="String">
        select password from users where name = #{username}
    </select>
    <select id="SearchAllUser" resultType="User">
        select * from users
    </select>
    <select id="NewUser">
        INSERT INTO users (name,password,nums,root) VALUES (#{username}, #{pwd},0,0)
    </select>
    <select id="UserMachineNums" resultType="Int">
        select nums from users where name = #{username}
    </select>
    <select id="UpdateMachineNums">
        UPDATE users SET nums = #{nums} where name = #{username}
    </select>
</mapper>